property_type_key,property_type_name
1,One-to-four family dwelling (other than manufactured housing)
2,One-to-four family dwelling (other than manufactured housing)
3,One-to-four family dwelling (other than manufactured housing)
4,One-to-four family dwelling (other than manufactured housing)
5,One-to-four family dwelling (other than manufactured housing)
6,Manufactured housing
7,One-to-four family dwelling (other than manufactured housing)
8,One-to-four family dwelling (other than manufactured housing)
9,One-to-four family dwelling (other than manufactured housing)
10,One-to-four family dwelling (other than manufactured housing)
11,One-to-four family dwelling (other than manufactured housing)
12,One-to-four family dwelling (other than manufactured housing)
13,One-to-four family dwelling (other than manufactured housing)
14,One-to-four family dwelling (other than manufactured housing)
15,One-to-four family dwelling (other than manufactured housing)
16,One-to-four family dwelling (other than manufactured housing)
17,One-to-four family dwelling (other than manufactured housing)
18,One-to-four family dwelling (other than manufactured housing)
19,One-to-four family dwelling (other than manufactured housing)
20,One-to-four family dwelling (other than manufactured housing)
21,One-to-four family dwelling (other than manufactured housing)
22,One-to-four family dwelling (other than manufactured housing)
23,One-to-four family dwelling (other than manufactured housing)
24,One-to-four family dwelling (other than manufactured housing)
25,One-to-four family dwelling (other than manufactured housing)
26,Manufactured housing
27,Manufactured housing
28,One-to-four family dwelling (other than manufactured housing)
29,One-to-four family dwelling (other than manufactured housing)
30,One-to-four family dwelling (other than manufactured housing)
31,One-to-four family dwelling (other than manufactured housing)
32,One-to-four family dwelling (other than manufactured housing)
33,One-to-four family dwelling (other than manufactured housing)
34,One-to-four family dwelling (other than manufactured housing)
35,One-to-four family dwelling (other than manufactured housing)
36,One-to-four family dwelling (other than manufactured housing)
37,One-to-four family dwelling (other than manufactured housing)
38,One-to-four family dwelling (other than manufactured housing)
39,One-to-four family dwelling (other than manufactured housing)
40,One-to-four family dwelling (other than manufactured housing)
41,One-to-four family dwelling (other than manufactured housing)
42,One-to-four family dwelling (other than manufactured housing)
43,One-to-four family dwelling (other than manufactured housing)
44,One-to-four family dwelling (other than manufactured housing)
45,One-to-four family dwelling (other than manufactured housing)
46,One-to-four family dwelling (other than manufactured housing)
47,One-to-four family dwelling (other than manufactured housing)
48,One-to-four family dwelling (other than manufactured housing)
49,One-to-four family dwelling (other than manufactured housing)
50,One-to-four family dwelling (other than manufactured housing)
51,One-to-four family dwelling (other than manufactured housing)
52,One-to-four family dwelling (other than manufactured housing)
53,One-to-four family dwelling (other than manufactured housing)
54,One-to-four family dwelling (other than manufactured housing)
55,One-to-four family dwelling (other than manufactured housing)
56,One-to-four family dwelling (other than manufactured housing)
57,One-to-four family dwelling (other than manufactured housing)
58,One-to-four family dwelling (other than manufactured housing)
59,One-to-four family dwelling (other than manufactured housing)
60,One-to-four family dwelling (other than manufactured housing)
61,One-to-four family dwelling (other than manufactured housing)
62,One-to-four family dwelling (other than manufactured housing)
63,One-to-four family dwelling (other than manufactured housing)
64,One-to-four family dwelling (other than manufactured housing)
65,One-to-four family dwelling (other than manufactured housing)
66,One-to-four family dwelling (other than manufactured housing)
67,One-to-four family dwelling (other than manufactured housing)
68,One-to-four family dwelling (other than manufactured housing)
69,One-to-four family dwelling (other than manufactured housing)
70,One-to-four family dwelling (other than manufactured housing)
71,One-to-four family dwelling (other than manufactured housing)
72,One-to-four family dwelling (other than manufactured housing)
73,One-to-four family dwelling (other than manufactured housing)
74,One-to-four family dwelling (other than manufactured housing)
75,One-to-four family dwelling (other than manufactured housing)
76,One-to-four family dwelling (other than manufactured housing)
77,One-to-four family dwelling (other than manufactured housing)
78,One-to-four family dwelling (other than manufactured housing)
79,One-to-four family dwelling (other than manufactured housing)
80,One-to-four family dwelling (other than manufactured housing)
81,One-to-four family dwelling (other than manufactured housing)
82,One-to-four family dwelling (other than manufactured housing)
83,One-to-four family dwelling (other than manufactured housing)
84,One-to-four family dwelling (other than manufactured housing)
85,One-to-four family dwelling (other than manufactured housing)
86,One-to-four family dwelling (other than manufactured housing)
87,One-to-four family dwelling (other than manufactured housing)
88,One-to-four family dwelling (other than manufactured housing)
89,One-to-four family dwelling (other than manufactured housing)
90,One-to-four family dwelling (other than manufactured housing)
91,One-to-four family dwelling (other than manufactured housing)
92,One-to-four family dwelling (other than manufactured housing)
93,One-to-four family dwelling (other than manufactured housing)
94,One-to-four family dwelling (other than manufactured housing)
95,One-to-four family dwelling (other than manufactured housing)
96,One-to-four family dwelling (other than manufactured housing)
97,One-to-four family dwelling (other than manufactured housing)
98,One-to-four family dwelling (other than manufactured housing)
99,One-to-four family dwelling (other than manufactured housing)
100,One-to-four family dwelling (other than manufactured housing)
101,One-to-four family dwelling (other than manufactured housing)
102,One-to-four family dwelling (other than manufactured housing)
103,One-to-four family dwelling (other than manufactured housing)
104,One-to-four family dwelling (other than manufactured housing)
105,One-to-four family dwelling (other than manufactured housing)
106,One-to-four family dwelling (other than manufactured housing)
107,One-to-four family dwelling (other than manufactured housing)
108,One-to-four family dwelling (other than manufactured housing)
109,One-to-four family dwelling (other than manufactured housing)
110,One-to-four family dwelling (other than manufactured housing)
111,One-to-four family dwelling (other than manufactured housing)
112,One-to-four family dwelling (other than manufactured housing)
113,One-to-four family dwelling (other than manufactured housing)
114,One-to-four family dwelling (other than manufactured housing)
115,One-to-four family dwelling (other than manufactured housing)
116,One-to-four family dwelling (other than manufactured housing)
117,One-to-four family dwelling (other than manufactured housing)
118,One-to-four family dwelling (other than manufactured housing)
119,One-to-four family dwelling (other than manufactured housing)
120,One-to-four family dwelling (other than manufactured housing)
121,One-to-four family dwelling (other than manufactured housing)
122,One-to-four family dwelling (other than manufactured housing)
123,One-to-four family dwelling (other than manufactured housing)
124,One-to-four family dwelling (other than manufactured housing)
125,One-to-four family dwelling (other than manufactured housing)
126,Manufactured housing
127,One-to-four family dwelling (other than manufactured housing)
128,One-to-four family dwelling (other than manufactured housing)
129,One-to-four family dwelling (other than manufactured housing)
130,One-to-four family dwelling (other than manufactured housing)
131,One-to-four family dwelling (other than manufactured housing)
132,One-to-four family dwelling (other than manufactured housing)
133,One-to-four family dwelling (other than manufactured housing)
134,One-to-four family dwelling (other than manufactured housing)
135,One-to-four family dwelling (other than manufactured housing)
136,One-to-four family dwelling (other than manufactured housing)
137,One-to-four family dwelling (other than manufactured housing)
138,One-to-four family dwelling (other than manufactured housing)
139,One-to-four family dwelling (other than manufactured housing)
140,One-to-four family dwelling (other than manufactured housing)
141,One-to-four family dwelling (other than manufactured housing)
142,Manufactured housing
143,One-to-four family dwelling (other than manufactured housing)
144,One-to-four family dwelling (other than manufactured housing)
145,One-to-four family dwelling (other than manufactured housing)
146,One-to-four family dwelling (other than manufactured housing)
147,One-to-four family dwelling (other than manufactured housing)
148,Manufactured housing
149,One-to-four family dwelling (other than manufactured housing)
150,Manufactured housing
151,One-to-four family dwelling (other than manufactured housing)
152,One-to-four family dwelling (other than manufactured housing)
153,One-to-four family dwelling (other than manufactured housing)
154,One-to-four family dwelling (other than manufactured housing)
155,One-to-four family dwelling (other than manufactured housing)
156,One-to-four family dwelling (other than manufactured housing)
157,One-to-four family dwelling (other than manufactured housing)
158,Manufactured housing
159,One-to-four family dwelling (other than manufactured housing)
160,Manufactured housing
161,One-to-four family dwelling (other than manufactured housing)
162,One-to-four family dwelling (other than manufactured housing)
163,One-to-four family dwelling (other than manufactured housing)
164,One-to-four family dwelling (other than manufactured housing)
165,One-to-four family dwelling (other than manufactured housing)
166,One-to-four family dwelling (other than manufactured housing)
167,One-to-four family dwelling (other than manufactured housing)
168,One-to-four family dwelling (other than manufactured housing)
169,One-to-four family dwelling (other than manufactured housing)
170,One-to-four family dwelling (other than manufactured housing)
171,One-to-four family dwelling (other than manufactured housing)
172,One-to-four family dwelling (other than manufactured housing)
173,One-to-four family dwelling (other than manufactured housing)
174,One-to-four family dwelling (other than manufactured housing)
175,One-to-four family dwelling (other than manufactured housing)
176,One-to-four family dwelling (other than manufactured housing)
177,One-to-four family dwelling (other than manufactured housing)
178,One-to-four family dwelling (other than manufactured housing)
179,One-to-four family dwelling (other than manufactured housing)
180,One-to-four family dwelling (other than manufactured housing)
181,One-to-four family dwelling (other than manufactured housing)
182,One-to-four family dwelling (other than manufactured housing)
183,One-to-four family dwelling (other than manufactured housing)
184,One-to-four family dwelling (other than manufactured housing)
185,One-to-four family dwelling (other than manufactured housing)
186,One-to-four family dwelling (other than manufactured housing)
187,One-to-four family dwelling (other than manufactured housing)
188,One-to-four family dwelling (other than manufactured housing)
189,One-to-four family dwelling (other than manufactured housing)
190,One-to-four family dwelling (other than manufactured housing)
191,One-to-four family dwelling (other than manufactured housing)
192,One-to-four family dwelling (other than manufactured housing)
193,One-to-four family dwelling (other than manufactured housing)
194,One-to-four family dwelling (other than manufactured housing)
195,One-to-four family dwelling (other than manufactured housing)
196,One-to-four family dwelling (other than manufactured housing)
197,One-to-four family dwelling (other than manufactured housing)
198,One-to-four family dwelling (other than manufactured housing)
199,One-to-four family dwelling (other than manufactured housing)
200,One-to-four family dwelling (other than manufactured housing)
201,One-to-four family dwelling (other than manufactured housing)
202,One-to-four family dwelling (other than manufactured housing)
203,One-to-four family dwelling (other than manufactured housing)
204,One-to-four family dwelling (other than manufactured housing)
205,One-to-four family dwelling (other than manufactured housing)
206,One-to-four family dwelling (other than manufactured housing)
207,One-to-four family dwelling (other than manufactured housing)
208,One-to-four family dwelling (other than manufactured housing)
209,One-to-four family dwelling (other than manufactured housing)
210,One-to-four family dwelling (other than manufactured housing)
211,One-to-four family dwelling (other than manufactured housing)
212,One-to-four family dwelling (other than manufactured housing)
213,One-to-four family dwelling (other than manufactured housing)
214,One-to-four family dwelling (other than manufactured housing)
215,One-to-four family dwelling (other than manufactured housing)
216,One-to-four family dwelling (other than manufactured housing)
217,One-to-four family dwelling (other than manufactured housing)
218,One-to-four family dwelling (other than manufactured housing)
219,One-to-four family dwelling (other than manufactured housing)
220,One-to-four family dwelling (other than manufactured housing)
221,One-to-four family dwelling (other than manufactured housing)
222,One-to-four family dwelling (other than manufactured housing)
223,One-to-four family dwelling (other than manufactured housing)
224,One-to-four family dwelling (other than manufactured housing)
225,One-to-four family dwelling (other than manufactured housing)
226,One-to-four family dwelling (other than manufactured housing)
227,One-to-four family dwelling (other than manufactured housing)
228,One-to-four family dwelling (other than manufactured housing)
229,One-to-four family dwelling (other than manufactured housing)
230,One-to-four family dwelling (other than manufactured housing)
231,One-to-four family dwelling (other than manufactured housing)
232,Manufactured housing
233,One-to-four family dwelling (other than manufactured housing)
234,One-to-four family dwelling (other than manufactured housing)
235,One-to-four family dwelling (other than manufactured housing)
236,Manufactured housing
237,One-to-four family dwelling (other than manufactured housing)
238,One-to-four family dwelling (other than manufactured housing)
239,One-to-four family dwelling (other than manufactured housing)
240,One-to-four family dwelling (other than manufactured housing)
241,One-to-four family dwelling (other than manufactured housing)
242,One-to-four family dwelling (other than manufactured housing)
243,One-to-four family dwelling (other than manufactured housing)
244,One-to-four family dwelling (other than manufactured housing)
245,One-to-four family dwelling (other than manufactured housing)
246,One-to-four family dwelling (other than manufactured housing)
247,One-to-four family dwelling (other than manufactured housing)
248,One-to-four family dwelling (other than manufactured housing)
249,One-to-four family dwelling (other than manufactured housing)
250,One-to-four family dwelling (other than manufactured housing)
251,One-to-four family dwelling (other than manufactured housing)
252,One-to-four family dwelling (other than manufactured housing)
253,One-to-four family dwelling (other than manufactured housing)
254,One-to-four family dwelling (other than manufactured housing)
255,One-to-four family dwelling (other than manufactured housing)
256,One-to-four family dwelling (other than manufactured housing)
257,One-to-four family dwelling (other than manufactured housing)
258,One-to-four family dwelling (other than manufactured housing)
259,One-to-four family dwelling (other than manufactured housing)
260,One-to-four family dwelling (other than manufactured housing)
261,One-to-four family dwelling (other than manufactured housing)
262,One-to-four family dwelling (other than manufactured housing)
263,One-to-four family dwelling (other than manufactured housing)
264,One-to-four family dwelling (other than manufactured housing)
265,One-to-four family dwelling (other than manufactured housing)
266,One-to-four family dwelling (other than manufactured housing)
267,One-to-four family dwelling (other than manufactured housing)
268,One-to-four family dwelling (other than manufactured housing)
269,One-to-four family dwelling (other than manufactured housing)
270,One-to-four family dwelling (other than manufactured housing)
271,One-to-four family dwelling (other than manufactured housing)
272,One-to-four family dwelling (other than manufactured housing)
273,One-to-four family dwelling (other than manufactured housing)
274,One-to-four family dwelling (other than manufactured housing)
275,One-to-four family dwelling (other than manufactured housing)
276,One-to-four family dwelling (other than manufactured housing)
277,One-to-four family dwelling (other than manufactured housing)
278,One-to-four family dwelling (other than manufactured housing)
279,One-to-four family dwelling (other than manufactured housing)
280,One-to-four family dwelling (other than manufactured housing)
281,One-to-four family dwelling (other than manufactured housing)
282,One-to-four family dwelling (other than manufactured housing)
283,One-to-four family dwelling (other than manufactured housing)
284,One-to-four family dwelling (other than manufactured housing)
285,One-to-four family dwelling (other than manufactured housing)
286,One-to-four family dwelling (other than manufactured housing)
287,One-to-four family dwelling (other than manufactured housing)
288,One-to-four family dwelling (other than manufactured housing)
289,One-to-four family dwelling (other than manufactured housing)
290,One-to-four family dwelling (other than manufactured housing)
291,One-to-four family dwelling (other than manufactured housing)
292,One-to-four family dwelling (other than manufactured housing)
293,One-to-four family dwelling (other than manufactured housing)
294,One-to-four family dwelling (other than manufactured housing)
295,One-to-four family dwelling (other than manufactured housing)
296,One-to-four family dwelling (other than manufactured housing)
297,One-to-four family dwelling (other than manufactured housing)
298,One-to-four family dwelling (other than manufactured housing)
299,One-to-four family dwelling (other than manufactured housing)
300,One-to-four family dwelling (other than manufactured housing)
301,One-to-four family dwelling (other than manufactured housing)
302,One-to-four family dwelling (other than manufactured housing)
303,One-to-four family dwelling (other than manufactured housing)
304,Manufactured housing
305,One-to-four family dwelling (other than manufactured housing)
306,One-to-four family dwelling (other than manufactured housing)
307,One-to-four family dwelling (other than manufactured housing)
308,One-to-four family dwelling (other than manufactured housing)
309,One-to-four family dwelling (other than manufactured housing)
310,One-to-four family dwelling (other than manufactured housing)
311,One-to-four family dwelling (other than manufactured housing)
312,One-to-four family dwelling (other than manufactured housing)
313,One-to-four family dwelling (other than manufactured housing)
314,One-to-four family dwelling (other than manufactured housing)
315,One-to-four family dwelling (other than manufactured housing)
316,One-to-four family dwelling (other than manufactured housing)
317,One-to-four family dwelling (other than manufactured housing)
318,Manufactured housing
319,One-to-four family dwelling (other than manufactured housing)
320,One-to-four family dwelling (other than manufactured housing)
321,One-to-four family dwelling (other than manufactured housing)
322,One-to-four family dwelling (other than manufactured housing)
323,One-to-four family dwelling (other than manufactured housing)
324,One-to-four family dwelling (other than manufactured housing)
325,One-to-four family dwelling (other than manufactured housing)
326,One-to-four family dwelling (other than manufactured housing)
327,One-to-four family dwelling (other than manufactured housing)
328,One-to-four family dwelling (other than manufactured housing)
329,One-to-four family dwelling (other than manufactured housing)
330,One-to-four family dwelling (other than manufactured housing)
331,One-to-four family dwelling (other than manufactured housing)
332,One-to-four family dwelling (other than manufactured housing)
333,One-to-four family dwelling (other than manufactured housing)
334,One-to-four family dwelling (other than manufactured housing)
335,One-to-four family dwelling (other than manufactured housing)
336,One-to-four family dwelling (other than manufactured housing)
337,One-to-four family dwelling (other than manufactured housing)
338,One-to-four family dwelling (other than manufactured housing)
339,One-to-four family dwelling (other than manufactured housing)
340,One-to-four family dwelling (other than manufactured housing)
341,One-to-four family dwelling (other than manufactured housing)
342,One-to-four family dwelling (other than manufactured housing)
343,One-to-four family dwelling (other than manufactured housing)
344,One-to-four family dwelling (other than manufactured housing)
345,One-to-four family dwelling (other than manufactured housing)
346,One-to-four family dwelling (other than manufactured housing)
347,One-to-four family dwelling (other than manufactured housing)
348,One-to-four family dwelling (other than manufactured housing)
349,One-to-four family dwelling (other than manufactured housing)
350,One-to-four family dwelling (other than manufactured housing)
351,One-to-four family dwelling (other than manufactured housing)
352,One-to-four family dwelling (other than manufactured housing)
353,One-to-four family dwelling (other than manufactured housing)
354,One-to-four family dwelling (other than manufactured housing)
355,One-to-four family dwelling (other than manufactured housing)
356,One-to-four family dwelling (other than manufactured housing)
357,One-to-four family dwelling (other than manufactured housing)
358,One-to-four family dwelling (other than manufactured housing)
359,One-to-four family dwelling (other than manufactured housing)
360,One-to-four family dwelling (other than manufactured housing)
361,One-to-four family dwelling (other than manufactured housing)
362,One-to-four family dwelling (other than manufactured housing)
363,One-to-four family dwelling (other than manufactured housing)
364,One-to-four family dwelling (other than manufactured housing)
365,One-to-four family dwelling (other than manufactured housing)
366,One-to-four family dwelling (other than manufactured housing)
367,One-to-four family dwelling (other than manufactured housing)
368,One-to-four family dwelling (other than manufactured housing)
369,One-to-four family dwelling (other than manufactured housing)
370,One-to-four family dwelling (other than manufactured housing)
371,One-to-four family dwelling (other than manufactured housing)
372,One-to-four family dwelling (other than manufactured housing)
373,One-to-four family dwelling (other than manufactured housing)
374,One-to-four family dwelling (other than manufactured housing)
375,One-to-four family dwelling (other than manufactured housing)
376,One-to-four family dwelling (other than manufactured housing)
377,One-to-four family dwelling (other than manufactured housing)
378,One-to-four family dwelling (other than manufactured housing)
379,One-to-four family dwelling (other than manufactured housing)
380,One-to-four family dwelling (other than manufactured housing)
381,One-to-four family dwelling (other than manufactured housing)
382,One-to-four family dwelling (other than manufactured housing)
383,One-to-four family dwelling (other than manufactured housing)
384,One-to-four family dwelling (other than manufactured housing)
385,One-to-four family dwelling (other than manufactured housing)
386,One-to-four family dwelling (other than manufactured housing)
387,One-to-four family dwelling (other than manufactured housing)
388,One-to-four family dwelling (other than manufactured housing)
389,One-to-four family dwelling (other than manufactured housing)
390,One-to-four family dwelling (other than manufactured housing)
391,One-to-four family dwelling (other than manufactured housing)
392,One-to-four family dwelling (other than manufactured housing)
393,One-to-four family dwelling (other than manufactured housing)
394,One-to-four family dwelling (other than manufactured housing)
395,One-to-four family dwelling (other than manufactured housing)
396,One-to-four family dwelling (other than manufactured housing)
397,One-to-four family dwelling (other than manufactured housing)
398,One-to-four family dwelling (other than manufactured housing)
399,One-to-four family dwelling (other than manufactured housing)
400,One-to-four family dwelling (other than manufactured housing)
401,One-to-four family dwelling (other than manufactured housing)
402,Manufactured housing
403,One-to-four family dwelling (other than manufactured housing)
404,One-to-four family dwelling (other than manufactured housing)
405,One-to-four family dwelling (other than manufactured housing)
406,One-to-four family dwelling (other than manufactured housing)
407,One-to-four family dwelling (other than manufactured housing)
408,One-to-four family dwelling (other than manufactured housing)
409,One-to-four family dwelling (other than manufactured housing)
410,One-to-four family dwelling (other than manufactured housing)
411,One-to-four family dwelling (other than manufactured housing)
412,One-to-four family dwelling (other than manufactured housing)
413,One-to-four family dwelling (other than manufactured housing)
414,One-to-four family dwelling (other than manufactured housing)
415,One-to-four family dwelling (other than manufactured housing)
416,One-to-four family dwelling (other than manufactured housing)
417,One-to-four family dwelling (other than manufactured housing)
418,One-to-four family dwelling (other than manufactured housing)
419,One-to-four family dwelling (other than manufactured housing)
420,Manufactured housing
421,One-to-four family dwelling (other than manufactured housing)
422,One-to-four family dwelling (other than manufactured housing)
423,One-to-four family dwelling (other than manufactured housing)
424,One-to-four family dwelling (other than manufactured housing)
425,One-to-four family dwelling (other than manufactured housing)
426,One-to-four family dwelling (other than manufactured housing)
427,One-to-four family dwelling (other than manufactured housing)
428,One-to-four family dwelling (other than manufactured housing)
429,One-to-four family dwelling (other than manufactured housing)
430,One-to-four family dwelling (other than manufactured housing)
431,One-to-four family dwelling (other than manufactured housing)
432,One-to-four family dwelling (other than manufactured housing)
433,One-to-four family dwelling (other than manufactured housing)
434,One-to-four family dwelling (other than manufactured housing)
435,One-to-four family dwelling (other than manufactured housing)
436,One-to-four family dwelling (other than manufactured housing)
437,One-to-four family dwelling (other than manufactured housing)
438,One-to-four family dwelling (other than manufactured housing)
439,One-to-four family dwelling (other than manufactured housing)
440,One-to-four family dwelling (other than manufactured housing)
441,One-to-four family dwelling (other than manufactured housing)
442,One-to-four family dwelling (other than manufactured housing)
443,One-to-four family dwelling (other than manufactured housing)
444,One-to-four family dwelling (other than manufactured housing)
445,One-to-four family dwelling (other than manufactured housing)
446,One-to-four family dwelling (other than manufactured housing)
447,One-to-four family dwelling (other than manufactured housing)
448,One-to-four family dwelling (other than manufactured housing)
449,One-to-four family dwelling (other than manufactured housing)
450,One-to-four family dwelling (other than manufactured housing)
451,One-to-four family dwelling (other than manufactured housing)
452,One-to-four family dwelling (other than manufactured housing)
453,One-to-four family dwelling (other than manufactured housing)
454,One-to-four family dwelling (other than manufactured housing)
455,One-to-four family dwelling (other than manufactured housing)
456,One-to-four family dwelling (other than manufactured housing)
457,One-to-four family dwelling (other than manufactured housing)
458,One-to-four family dwelling (other than manufactured housing)
459,One-to-four family dwelling (other than manufactured housing)
460,One-to-four family dwelling (other than manufactured housing)
461,One-to-four family dwelling (other than manufactured housing)
462,One-to-four family dwelling (other than manufactured housing)
463,One-to-four family dwelling (other than manufactured housing)
464,One-to-four family dwelling (other than manufactured housing)
465,One-to-four family dwelling (other than manufactured housing)
466,One-to-four family dwelling (other than manufactured housing)
467,One-to-four family dwelling (other than manufactured housing)
468,One-to-four family dwelling (other than manufactured housing)
469,One-to-four family dwelling (other than manufactured housing)
470,One-to-four family dwelling (other than manufactured housing)
471,One-to-four family dwelling (other than manufactured housing)
472,One-to-four family dwelling (other than manufactured housing)
473,One-to-four family dwelling (other than manufactured housing)
474,One-to-four family dwelling (other than manufactured housing)
475,One-to-four family dwelling (other than manufactured housing)
476,One-to-four family dwelling (other than manufactured housing)
477,One-to-four family dwelling (other than manufactured housing)
478,One-to-four family dwelling (other than manufactured housing)
479,One-to-four family dwelling (other than manufactured housing)
480,One-to-four family dwelling (other than manufactured housing)
481,One-to-four family dwelling (other than manufactured housing)
482,One-to-four family dwelling (other than manufactured housing)
483,One-to-four family dwelling (other than manufactured housing)
484,One-to-four family dwelling (other than manufactured housing)
485,One-to-four family dwelling (other than manufactured housing)
486,One-to-four family dwelling (other than manufactured housing)
487,One-to-four family dwelling (other than manufactured housing)
488,One-to-four family dwelling (other than manufactured housing)
489,One-to-four family dwelling (other than manufactured housing)
490,One-to-four family dwelling (other than manufactured housing)
491,One-to-four family dwelling (other than manufactured housing)
492,One-to-four family dwelling (other than manufactured housing)
493,One-to-four family dwelling (other than manufactured housing)
494,One-to-four family dwelling (other than manufactured housing)
495,One-to-four family dwelling (other than manufactured housing)
496,One-to-four family dwelling (other than manufactured housing)
497,One-to-four family dwelling (other than manufactured housing)
498,One-to-four family dwelling (other than manufactured housing)
499,One-to-four family dwelling (other than manufactured housing)
500,One-to-four family dwelling (other than manufactured housing)
501,One-to-four family dwelling (other than manufactured housing)
502,One-to-four family dwelling (other than manufactured housing)
503,One-to-four family dwelling (other than manufactured housing)
504,One-to-four family dwelling (other than manufactured housing)
505,One-to-four family dwelling (other than manufactured housing)
506,One-to-four family dwelling (other than manufactured housing)
507,One-to-four family dwelling (other than manufactured housing)
508,One-to-four family dwelling (other than manufactured housing)
509,One-to-four family dwelling (other than manufactured housing)
510,One-to-four family dwelling (other than manufactured housing)
511,One-to-four family dwelling (other than manufactured housing)
512,One-to-four family dwelling (other than manufactured housing)
513,One-to-four family dwelling (other than manufactured housing)
514,One-to-four family dwelling (other than manufactured housing)
515,One-to-four family dwelling (other than manufactured housing)
516,One-to-four family dwelling (other than manufactured housing)
517,One-to-four family dwelling (other than manufactured housing)
518,One-to-four family dwelling (other than manufactured housing)
519,One-to-four family dwelling (other than manufactured housing)
520,One-to-four family dwelling (other than manufactured housing)
521,One-to-four family dwelling (other than manufactured housing)
522,One-to-four family dwelling (other than manufactured housing)
523,One-to-four family dwelling (other than manufactured housing)
524,One-to-four family dwelling (other than manufactured housing)
525,One-to-four family dwelling (other than manufactured housing)
526,One-to-four family dwelling (other than manufactured housing)
527,One-to-four family dwelling (other than manufactured housing)
528,One-to-four family dwelling (other than manufactured housing)
529,One-to-four family dwelling (other than manufactured housing)
530,One-to-four family dwelling (other than manufactured housing)
531,One-to-four family dwelling (other than manufactured housing)
532,One-to-four family dwelling (other than manufactured housing)
533,One-to-four family dwelling (other than manufactured housing)
534,One-to-four family dwelling (other than manufactured housing)
535,One-to-four family dwelling (other than manufactured housing)
536,One-to-four family dwelling (other than manufactured housing)
537,One-to-four family dwelling (other than manufactured housing)
538,One-to-four family dwelling (other than manufactured housing)
539,Multifamily dwelling
540,One-to-four family dwelling (other than manufactured housing)
541,One-to-four family dwelling (other than manufactured housing)
542,One-to-four family dwelling (other than manufactured housing)
543,One-to-four family dwelling (other than manufactured housing)
544,One-to-four family dwelling (other than manufactured housing)
545,One-to-four family dwelling (other than manufactured housing)
546,One-to-four family dwelling (other than manufactured housing)
547,One-to-four family dwelling (other than manufactured housing)
548,One-to-four family dwelling (other than manufactured housing)
549,One-to-four family dwelling (other than manufactured housing)
550,One-to-four family dwelling (other than manufactured housing)
551,One-to-four family dwelling (other than manufactured housing)
552,One-to-four family dwelling (other than manufactured housing)
553,One-to-four family dwelling (other than manufactured housing)
554,One-to-four family dwelling (other than manufactured housing)
555,One-to-four family dwelling (other than manufactured housing)
556,One-to-four family dwelling (other than manufactured housing)
557,One-to-four family dwelling (other than manufactured housing)
558,One-to-four family dwelling (other than manufactured housing)
559,One-to-four family dwelling (other than manufactured housing)
560,One-to-four family dwelling (other than manufactured housing)
561,One-to-four family dwelling (other than manufactured housing)
562,One-to-four family dwelling (other than manufactured housing)
563,One-to-four family dwelling (other than manufactured housing)
564,One-to-four family dwelling (other than manufactured housing)
565,One-to-four family dwelling (other than manufactured housing)
566,One-to-four family dwelling (other than manufactured housing)
567,One-to-four family dwelling (other than manufactured housing)
568,One-to-four family dwelling (other than manufactured housing)
569,One-to-four family dwelling (other than manufactured housing)
570,One-to-four family dwelling (other than manufactured housing)
571,One-to-four family dwelling (other than manufactured housing)
572,One-to-four family dwelling (other than manufactured housing)
573,One-to-four family dwelling (other than manufactured housing)
574,One-to-four family dwelling (other than manufactured housing)
575,One-to-four family dwelling (other than manufactured housing)
576,One-to-four family dwelling (other than manufactured housing)
577,One-to-four family dwelling (other than manufactured housing)
578,One-to-four family dwelling (other than manufactured housing)
579,One-to-four family dwelling (other than manufactured housing)
580,One-to-four family dwelling (other than manufactured housing)
581,One-to-four family dwelling (other than manufactured housing)
582,One-to-four family dwelling (other than manufactured housing)
583,One-to-four family dwelling (other than manufactured housing)
584,One-to-four family dwelling (other than manufactured housing)
585,One-to-four family dwelling (other than manufactured housing)
586,One-to-four family dwelling (other than manufactured housing)
587,One-to-four family dwelling (other than manufactured housing)
588,One-to-four family dwelling (other than manufactured housing)
589,One-to-four family dwelling (other than manufactured housing)
590,One-to-four family dwelling (other than manufactured housing)
591,One-to-four family dwelling (other than manufactured housing)
592,One-to-four family dwelling (other than manufactured housing)
593,One-to-four family dwelling (other than manufactured housing)
594,One-to-four family dwelling (other than manufactured housing)
595,One-to-four family dwelling (other than manufactured housing)
596,One-to-four family dwelling (other than manufactured housing)
597,One-to-four family dwelling (other than manufactured housing)
598,One-to-four family dwelling (other than manufactured housing)
599,One-to-four family dwelling (other than manufactured housing)
600,One-to-four family dwelling (other than manufactured housing)
601,One-to-four family dwelling (other than manufactured housing)
602,One-to-four family dwelling (other than manufactured housing)
603,One-to-four family dwelling (other than manufactured housing)
604,One-to-four family dwelling (other than manufactured housing)
605,One-to-four family dwelling (other than manufactured housing)
606,One-to-four family dwelling (other than manufactured housing)
607,One-to-four family dwelling (other than manufactured housing)
608,One-to-four family dwelling (other than manufactured housing)
609,One-to-four family dwelling (other than manufactured housing)
610,One-to-four family dwelling (other than manufactured housing)
611,One-to-four family dwelling (other than manufactured housing)
612,One-to-four family dwelling (other than manufactured housing)
613,One-to-four family dwelling (other than manufactured housing)
614,One-to-four family dwelling (other than manufactured housing)
615,One-to-four family dwelling (other than manufactured housing)
616,One-to-four family dwelling (other than manufactured housing)
617,One-to-four family dwelling (other than manufactured housing)
618,One-to-four family dwelling (other than manufactured housing)
619,One-to-four family dwelling (other than manufactured housing)
620,One-to-four family dwelling (other than manufactured housing)
621,One-to-four family dwelling (other than manufactured housing)
622,One-to-four family dwelling (other than manufactured housing)
623,One-to-four family dwelling (other than manufactured housing)
624,One-to-four family dwelling (other than manufactured housing)
625,One-to-four family dwelling (other than manufactured housing)
626,One-to-four family dwelling (other than manufactured housing)
627,One-to-four family dwelling (other than manufactured housing)
628,One-to-four family dwelling (other than manufactured housing)
629,One-to-four family dwelling (other than manufactured housing)
630,Manufactured housing
631,One-to-four family dwelling (other than manufactured housing)
632,One-to-four family dwelling (other than manufactured housing)
633,One-to-four family dwelling (other than manufactured housing)
634,One-to-four family dwelling (other than manufactured housing)
635,One-to-four family dwelling (other than manufactured housing)
636,One-to-four family dwelling (other than manufactured housing)
637,One-to-four family dwelling (other than manufactured housing)
638,One-to-four family dwelling (other than manufactured housing)
639,One-to-four family dwelling (other than manufactured housing)
640,One-to-four family dwelling (other than manufactured housing)
641,One-to-four family dwelling (other than manufactured housing)
642,One-to-four family dwelling (other than manufactured housing)
643,One-to-four family dwelling (other than manufactured housing)
644,One-to-four family dwelling (other than manufactured housing)
645,One-to-four family dwelling (other than manufactured housing)
646,One-to-four family dwelling (other than manufactured housing)
647,One-to-four family dwelling (other than manufactured housing)
648,One-to-four family dwelling (other than manufactured housing)
649,One-to-four family dwelling (other than manufactured housing)
650,One-to-four family dwelling (other than manufactured housing)
651,One-to-four family dwelling (other than manufactured housing)
652,One-to-four family dwelling (other than manufactured housing)
653,One-to-four family dwelling (other than manufactured housing)
654,One-to-four family dwelling (other than manufactured housing)
655,One-to-four family dwelling (other than manufactured housing)
656,One-to-four family dwelling (other than manufactured housing)
657,One-to-four family dwelling (other than manufactured housing)
658,One-to-four family dwelling (other than manufactured housing)
659,One-to-four family dwelling (other than manufactured housing)
660,One-to-four family dwelling (other than manufactured housing)
661,One-to-four family dwelling (other than manufactured housing)
662,One-to-four family dwelling (other than manufactured housing)
663,One-to-four family dwelling (other than manufactured housing)
664,One-to-four family dwelling (other than manufactured housing)
665,One-to-four family dwelling (other than manufactured housing)
666,One-to-four family dwelling (other than manufactured housing)
667,One-to-four family dwelling (other than manufactured housing)
668,One-to-four family dwelling (other than manufactured housing)
669,One-to-four family dwelling (other than manufactured housing)
670,One-to-four family dwelling (other than manufactured housing)
671,One-to-four family dwelling (other than manufactured housing)
672,One-to-four family dwelling (other than manufactured housing)
673,One-to-four family dwelling (other than manufactured housing)
674,One-to-four family dwelling (other than manufactured housing)
675,One-to-four family dwelling (other than manufactured housing)
676,One-to-four family dwelling (other than manufactured housing)
677,One-to-four family dwelling (other than manufactured housing)
678,One-to-four family dwelling (other than manufactured housing)
679,One-to-four family dwelling (other than manufactured housing)
680,One-to-four family dwelling (other than manufactured housing)
681,One-to-four family dwelling (other than manufactured housing)
682,One-to-four family dwelling (other than manufactured housing)
683,One-to-four family dwelling (other than manufactured housing)
684,One-to-four family dwelling (other than manufactured housing)
685,One-to-four family dwelling (other than manufactured housing)
686,One-to-four family dwelling (other than manufactured housing)
687,One-to-four family dwelling (other than manufactured housing)
688,One-to-four family dwelling (other than manufactured housing)
689,One-to-four family dwelling (other than manufactured housing)
690,Manufactured housing
691,One-to-four family dwelling (other than manufactured housing)
692,One-to-four family dwelling (other than manufactured housing)
693,One-to-four family dwelling (other than manufactured housing)
694,One-to-four family dwelling (other than manufactured housing)
695,One-to-four family dwelling (other than manufactured housing)
696,One-to-four family dwelling (other than manufactured housing)
697,One-to-four family dwelling (other than manufactured housing)
698,One-to-four family dwelling (other than manufactured housing)
699,One-to-four family dwelling (other than manufactured housing)
700,One-to-four family dwelling (other than manufactured housing)
701,One-to-four family dwelling (other than manufactured housing)
702,One-to-four family dwelling (other than manufactured housing)
703,One-to-four family dwelling (other than manufactured housing)
704,One-to-four family dwelling (other than manufactured housing)
705,One-to-four family dwelling (other than manufactured housing)
706,One-to-four family dwelling (other than manufactured housing)
707,One-to-four family dwelling (other than manufactured housing)
708,One-to-four family dwelling (other than manufactured housing)
709,One-to-four family dwelling (other than manufactured housing)
710,One-to-four family dwelling (other than manufactured housing)
711,One-to-four family dwelling (other than manufactured housing)
712,Manufactured housing
713,One-to-four family dwelling (other than manufactured housing)
714,One-to-four family dwelling (other than manufactured housing)
715,One-to-four family dwelling (other than manufactured housing)
716,One-to-four family dwelling (other than manufactured housing)
717,One-to-four family dwelling (other than manufactured housing)
718,Manufactured housing
719,One-to-four family dwelling (other than manufactured housing)
720,One-to-four family dwelling (other than manufactured housing)
721,One-to-four family dwelling (other than manufactured housing)
722,One-to-four family dwelling (other than manufactured housing)
723,One-to-four family dwelling (other than manufactured housing)
724,One-to-four family dwelling (other than manufactured housing)
725,One-to-four family dwelling (other than manufactured housing)
726,One-to-four family dwelling (other than manufactured housing)
727,One-to-four family dwelling (other than manufactured housing)
728,One-to-four family dwelling (other than manufactured housing)
729,One-to-four family dwelling (other than manufactured housing)
730,One-to-four family dwelling (other than manufactured housing)
731,One-to-four family dwelling (other than manufactured housing)
732,One-to-four family dwelling (other than manufactured housing)
733,One-to-four family dwelling (other than manufactured housing)
734,One-to-four family dwelling (other than manufactured housing)
735,One-to-four family dwelling (other than manufactured housing)
736,One-to-four family dwelling (other than manufactured housing)
737,One-to-four family dwelling (other than manufactured housing)
738,One-to-four family dwelling (other than manufactured housing)
739,One-to-four family dwelling (other than manufactured housing)
740,One-to-four family dwelling (other than manufactured housing)
741,One-to-four family dwelling (other than manufactured housing)
742,One-to-four family dwelling (other than manufactured housing)
743,One-to-four family dwelling (other than manufactured housing)
744,One-to-four family dwelling (other than manufactured housing)
745,One-to-four family dwelling (other than manufactured housing)
746,One-to-four family dwelling (other than manufactured housing)
747,One-to-four family dwelling (other than manufactured housing)
748,One-to-four family dwelling (other than manufactured housing)
749,One-to-four family dwelling (other than manufactured housing)
750,One-to-four family dwelling (other than manufactured housing)
751,One-to-four family dwelling (other than manufactured housing)
752,One-to-four family dwelling (other than manufactured housing)
753,One-to-four family dwelling (other than manufactured housing)
754,One-to-four family dwelling (other than manufactured housing)
755,One-to-four family dwelling (other than manufactured housing)
756,One-to-four family dwelling (other than manufactured housing)
757,Manufactured housing
758,One-to-four family dwelling (other than manufactured housing)
759,One-to-four family dwelling (other than manufactured housing)
760,One-to-four family dwelling (other than manufactured housing)
761,One-to-four family dwelling (other than manufactured housing)
762,One-to-four family dwelling (other than manufactured housing)
763,One-to-four family dwelling (other than manufactured housing)
764,One-to-four family dwelling (other than manufactured housing)
765,One-to-four family dwelling (other than manufactured housing)
766,One-to-four family dwelling (other than manufactured housing)
767,One-to-four family dwelling (other than manufactured housing)
768,One-to-four family dwelling (other than manufactured housing)
769,One-to-four family dwelling (other than manufactured housing)
770,One-to-four family dwelling (other than manufactured housing)
771,One-to-four family dwelling (other than manufactured housing)
772,One-to-four family dwelling (other than manufactured housing)
773,One-to-four family dwelling (other than manufactured housing)
774,One-to-four family dwelling (other than manufactured housing)
775,One-to-four family dwelling (other than manufactured housing)
776,One-to-four family dwelling (other than manufactured housing)
777,One-to-four family dwelling (other than manufactured housing)
778,One-to-four family dwelling (other than manufactured housing)
779,One-to-four family dwelling (other than manufactured housing)
780,One-to-four family dwelling (other than manufactured housing)
781,One-to-four family dwelling (other than manufactured housing)
782,One-to-four family dwelling (other than manufactured housing)
783,One-to-four family dwelling (other than manufactured housing)
784,One-to-four family dwelling (other than manufactured housing)
785,One-to-four family dwelling (other than manufactured housing)
786,One-to-four family dwelling (other than manufactured housing)
787,One-to-four family dwelling (other than manufactured housing)
788,One-to-four family dwelling (other than manufactured housing)
789,One-to-four family dwelling (other than manufactured housing)
790,One-to-four family dwelling (other than manufactured housing)
791,One-to-four family dwelling (other than manufactured housing)
792,One-to-four family dwelling (other than manufactured housing)
793,One-to-four family dwelling (other than manufactured housing)
794,One-to-four family dwelling (other than manufactured housing)
795,One-to-four family dwelling (other than manufactured housing)
796,One-to-four family dwelling (other than manufactured housing)
797,One-to-four family dwelling (other than manufactured housing)
798,One-to-four family dwelling (other than manufactured housing)
799,One-to-four family dwelling (other than manufactured housing)
800,One-to-four family dwelling (other than manufactured housing)
801,One-to-four family dwelling (other than manufactured housing)
802,One-to-four family dwelling (other than manufactured housing)
803,One-to-four family dwelling (other than manufactured housing)
804,One-to-four family dwelling (other than manufactured housing)
805,One-to-four family dwelling (other than manufactured housing)
806,One-to-four family dwelling (other than manufactured housing)
807,One-to-four family dwelling (other than manufactured housing)
808,One-to-four family dwelling (other than manufactured housing)
809,Manufactured housing
810,One-to-four family dwelling (other than manufactured housing)
811,One-to-four family dwelling (other than manufactured housing)
812,One-to-four family dwelling (other than manufactured housing)
813,One-to-four family dwelling (other than manufactured housing)
814,One-to-four family dwelling (other than manufactured housing)
815,One-to-four family dwelling (other than manufactured housing)
816,One-to-four family dwelling (other than manufactured housing)
817,One-to-four family dwelling (other than manufactured housing)
818,One-to-four family dwelling (other than manufactured housing)
819,One-to-four family dwelling (other than manufactured housing)
820,One-to-four family dwelling (other than manufactured housing)
821,One-to-four family dwelling (other than manufactured housing)
822,Manufactured housing
823,One-to-four family dwelling (other than manufactured housing)
824,One-to-four family dwelling (other than manufactured housing)
825,One-to-four family dwelling (other than manufactured housing)
826,One-to-four family dwelling (other than manufactured housing)
827,One-to-four family dwelling (other than manufactured housing)
828,One-to-four family dwelling (other than manufactured housing)
829,One-to-four family dwelling (other than manufactured housing)
830,One-to-four family dwelling (other than manufactured housing)
831,One-to-four family dwelling (other than manufactured housing)
832,One-to-four family dwelling (other than manufactured housing)
833,One-to-four family dwelling (other than manufactured housing)
834,Manufactured housing
835,One-to-four family dwelling (other than manufactured housing)
836,One-to-four family dwelling (other than manufactured housing)
837,One-to-four family dwelling (other than manufactured housing)
838,One-to-four family dwelling (other than manufactured housing)
839,One-to-four family dwelling (other than manufactured housing)
840,One-to-four family dwelling (other than manufactured housing)
841,One-to-four family dwelling (other than manufactured housing)
842,One-to-four family dwelling (other than manufactured housing)
843,One-to-four family dwelling (other than manufactured housing)
844,One-to-four family dwelling (other than manufactured housing)
845,One-to-four family dwelling (other than manufactured housing)
846,One-to-four family dwelling (other than manufactured housing)
847,One-to-four family dwelling (other than manufactured housing)
848,One-to-four family dwelling (other than manufactured housing)
849,One-to-four family dwelling (other than manufactured housing)
850,One-to-four family dwelling (other than manufactured housing)
851,One-to-four family dwelling (other than manufactured housing)
852,One-to-four family dwelling (other than manufactured housing)
853,One-to-four family dwelling (other than manufactured housing)
854,One-to-four family dwelling (other than manufactured housing)
855,One-to-four family dwelling (other than manufactured housing)
856,One-to-four family dwelling (other than manufactured housing)
857,One-to-four family dwelling (other than manufactured housing)
858,One-to-four family dwelling (other than manufactured housing)
859,One-to-four family dwelling (other than manufactured housing)
860,One-to-four family dwelling (other than manufactured housing)
861,One-to-four family dwelling (other than manufactured housing)
862,One-to-four family dwelling (other than manufactured housing)
863,One-to-four family dwelling (other than manufactured housing)
864,One-to-four family dwelling (other than manufactured housing)
865,One-to-four family dwelling (other than manufactured housing)
866,One-to-four family dwelling (other than manufactured housing)
867,One-to-four family dwelling (other than manufactured housing)
868,One-to-four family dwelling (other than manufactured housing)
869,One-to-four family dwelling (other than manufactured housing)
870,One-to-four family dwelling (other than manufactured housing)
871,One-to-four family dwelling (other than manufactured housing)
872,One-to-four family dwelling (other than manufactured housing)
873,One-to-four family dwelling (other than manufactured housing)
874,One-to-four family dwelling (other than manufactured housing)
875,One-to-four family dwelling (other than manufactured housing)
876,One-to-four family dwelling (other than manufactured housing)
877,One-to-four family dwelling (other than manufactured housing)
878,One-to-four family dwelling (other than manufactured housing)
879,One-to-four family dwelling (other than manufactured housing)
880,One-to-four family dwelling (other than manufactured housing)
881,One-to-four family dwelling (other than manufactured housing)
882,One-to-four family dwelling (other than manufactured housing)
883,One-to-four family dwelling (other than manufactured housing)
884,One-to-four family dwelling (other than manufactured housing)
885,One-to-four family dwelling (other than manufactured housing)
886,One-to-four family dwelling (other than manufactured housing)
887,One-to-four family dwelling (other than manufactured housing)
888,One-to-four family dwelling (other than manufactured housing)
889,One-to-four family dwelling (other than manufactured housing)
890,One-to-four family dwelling (other than manufactured housing)
891,One-to-four family dwelling (other than manufactured housing)
892,One-to-four family dwelling (other than manufactured housing)
893,One-to-four family dwelling (other than manufactured housing)
894,One-to-four family dwelling (other than manufactured housing)
895,One-to-four family dwelling (other than manufactured housing)
896,One-to-four family dwelling (other than manufactured housing)
897,One-to-four family dwelling (other than manufactured housing)
898,One-to-four family dwelling (other than manufactured housing)
899,One-to-four family dwelling (other than manufactured housing)
900,One-to-four family dwelling (other than manufactured housing)
901,One-to-four family dwelling (other than manufactured housing)
902,One-to-four family dwelling (other than manufactured housing)
903,One-to-four family dwelling (other than manufactured housing)
904,One-to-four family dwelling (other than manufactured housing)
905,One-to-four family dwelling (other than manufactured housing)
906,One-to-four family dwelling (other than manufactured housing)
907,One-to-four family dwelling (other than manufactured housing)
908,One-to-four family dwelling (other than manufactured housing)
909,One-to-four family dwelling (other than manufactured housing)
910,One-to-four family dwelling (other than manufactured housing)
911,One-to-four family dwelling (other than manufactured housing)
912,One-to-four family dwelling (other than manufactured housing)
913,One-to-four family dwelling (other than manufactured housing)
914,One-to-four family dwelling (other than manufactured housing)
915,One-to-four family dwelling (other than manufactured housing)
916,One-to-four family dwelling (other than manufactured housing)
917,One-to-four family dwelling (other than manufactured housing)
918,One-to-four family dwelling (other than manufactured housing)
919,One-to-four family dwelling (other than manufactured housing)
920,One-to-four family dwelling (other than manufactured housing)
921,One-to-four family dwelling (other than manufactured housing)
922,One-to-four family dwelling (other than manufactured housing)
923,One-to-four family dwelling (other than manufactured housing)
924,One-to-four family dwelling (other than manufactured housing)
925,One-to-four family dwelling (other than manufactured housing)
926,One-to-four family dwelling (other than manufactured housing)
927,One-to-four family dwelling (other than manufactured housing)
928,One-to-four family dwelling (other than manufactured housing)
929,One-to-four family dwelling (other than manufactured housing)
930,One-to-four family dwelling (other than manufactured housing)
931,One-to-four family dwelling (other than manufactured housing)
932,One-to-four family dwelling (other than manufactured housing)
933,One-to-four family dwelling (other than manufactured housing)
934,One-to-four family dwelling (other than manufactured housing)
935,One-to-four family dwelling (other than manufactured housing)
936,One-to-four family dwelling (other than manufactured housing)
937,One-to-four family dwelling (other than manufactured housing)
938,One-to-four family dwelling (other than manufactured housing)
939,One-to-four family dwelling (other than manufactured housing)
940,One-to-four family dwelling (other than manufactured housing)
941,One-to-four family dwelling (other than manufactured housing)
942,One-to-four family dwelling (other than manufactured housing)
943,One-to-four family dwelling (other than manufactured housing)
944,One-to-four family dwelling (other than manufactured housing)
945,One-to-four family dwelling (other than manufactured housing)
946,One-to-four family dwelling (other than manufactured housing)
947,One-to-four family dwelling (other than manufactured housing)
948,One-to-four family dwelling (other than manufactured housing)
949,One-to-four family dwelling (other than manufactured housing)
950,One-to-four family dwelling (other than manufactured housing)
951,One-to-four family dwelling (other than manufactured housing)
952,One-to-four family dwelling (other than manufactured housing)
953,One-to-four family dwelling (other than manufactured housing)
954,One-to-four family dwelling (other than manufactured housing)
955,One-to-four family dwelling (other than manufactured housing)
956,One-to-four family dwelling (other than manufactured housing)
957,One-to-four family dwelling (other than manufactured housing)
958,One-to-four family dwelling (other than manufactured housing)
959,One-to-four family dwelling (other than manufactured housing)
960,Manufactured housing
961,One-to-four family dwelling (other than manufactured housing)
962,One-to-four family dwelling (other than manufactured housing)
963,One-to-four family dwelling (other than manufactured housing)
964,One-to-four family dwelling (other than manufactured housing)
965,One-to-four family dwelling (other than manufactured housing)
966,One-to-four family dwelling (other than manufactured housing)
967,One-to-four family dwelling (other than manufactured housing)
968,One-to-four family dwelling (other than manufactured housing)
969,Manufactured housing
970,One-to-four family dwelling (other than manufactured housing)
971,One-to-four family dwelling (other than manufactured housing)
972,One-to-four family dwelling (other than manufactured housing)
973,One-to-four family dwelling (other than manufactured housing)
974,One-to-four family dwelling (other than manufactured housing)
975,One-to-four family dwelling (other than manufactured housing)
976,One-to-four family dwelling (other than manufactured housing)
977,One-to-four family dwelling (other than manufactured housing)
978,One-to-four family dwelling (other than manufactured housing)
979,One-to-four family dwelling (other than manufactured housing)
980,One-to-four family dwelling (other than manufactured housing)
981,One-to-four family dwelling (other than manufactured housing)
982,One-to-four family dwelling (other than manufactured housing)
983,One-to-four family dwelling (other than manufactured housing)
984,One-to-four family dwelling (other than manufactured housing)
985,One-to-four family dwelling (other than manufactured housing)
986,Manufactured housing
987,One-to-four family dwelling (other than manufactured housing)
988,One-to-four family dwelling (other than manufactured housing)
989,One-to-four family dwelling (other than manufactured housing)
990,One-to-four family dwelling (other than manufactured housing)
991,One-to-four family dwelling (other than manufactured housing)
992,One-to-four family dwelling (other than manufactured housing)
993,One-to-four family dwelling (other than manufactured housing)
994,One-to-four family dwelling (other than manufactured housing)
995,One-to-four family dwelling (other than manufactured housing)
996,One-to-four family dwelling (other than manufactured housing)
997,One-to-four family dwelling (other than manufactured housing)
998,One-to-four family dwelling (other than manufactured housing)
999,One-to-four family dwelling (other than manufactured housing)
1000,One-to-four family dwelling (other than manufactured housing)
